Indv_ID,Median Number of Roots,Maximum Number of Roots,Number of Root Tips,Total Root Length,Depth,Maximum Width,Width-to-Depth Ratio,Network Area,Convex Area,Solidity,Lower Root Area,Average Diameter,Median Diameter,Maximum Diameter,Perimeter,Volume,Surface Area,Holes,Average Hole Size,Computation Time,Average Root Orientation,Shallow Angle Frequency,Medium Angle Frequency,Steep Angle Frequency,Fine Diameter Frequency,Medium Diameter Frequency,Coarse Diameter Frequency
160_271_1,1.333333333,7.666666667,72,6027.346667,1942.666667,642.3333333,0.337494,114327.6667,608124,0.186775,61243.66667,27.2687,13.22063333,131.056,9361.18,8766666.667,521791,15.66666667,1061.477667,0.149666667,58.22263333,0.184487667,0.236488333,0.579023667,0.1186536,0.274584,0.606762333
160_271_2,1.666666667,8.666666667,89.66666667,6124.556667,1498.666667,413.3333333,0.271224667,107012.3333,402336.3333,0.339596333,41953.66667,31.37513333,16.9778,119.304,8587.67,8426666.667,549865,21.66666667,813.0933333,0.120333333,57.09093333,0.235689667,0.182359333,0.581951,0.140089367,0.300209667,0.559701333
160_271_5,3,13.5,156.5,10633.905,1523,866.5,0.5647725,110906.5,828211.5,0.137189,74258,17.16215,9.89949,112.5835,15623.7,5540000,540752,72,2237.943,0.1625,53.0986,0.2410765,0.293106,0.465817,0.197978,0.325394,0.4766285
160_271_7,3,11.66666667,197.6666667,15029.36333,2025,1035.666667,0.544554333,168416.3333,1075984.667,0.148296667,138476.6667,17.2884,11.65853333,121.4780333,21667.4,8156666.667,817762,93.66666667,765.5523333,0.212666667,55.71876667,0.201371333,0.264966333,0.533662333,0.188319,0.259664333,0.552016667
160_271_11,3,16.33333333,213.6666667,14978.97667,1663.333333,1198.666667,0.755671333,146661.3333,1191514.333,0.124413667,135347.6667,15.22673333,10.14807,118.3126667,22509.13333,5880000,692567,90,1417.320667,0.217,51.00483333,0.245865333,0.326259,0.427875667,0.206259667,0.301019667,0.492720667
160_271_12,3.666666667,19.33333333,266.3333333,22097.16667,2237.666667,1195,0.542334333,224600,1573333.333,0.145804333,175374,17.16113333,9.64809,134.3946667,31959.73333,12633333.33,1138533.333,162.6666667,1175.857,0.263333333,53.9314,0.220932333,0.292720667,0.486346667,0.213088333,0.336739333,0.450171333
160_271_13,3,14,145,14380.93333,2057.333333,837.6666667,0.406383667,214982.3333,1048102.667,0.214278333,142826.6667,25.76263333,13.1388,172.214,20472.66667,21466666.67,1187175.333,58.33333333,1493.593,0.201333333,55.3446,0.221404,0.25019,0.528406333,0.124071367,0.254275,0.621653667
160_271_14,5,17.33333333,251.3333333,21115.73333,1825.666667,894.3333333,0.504062,181376.3333,1102102.333,0.169862667,156618,14.37463333,9.087573333,118.811,30262.2,7580000,920431.6667,194.3333333,653.5126667,0.216333333,52.82006667,0.231506667,0.29846,0.470033333,0.217336667,0.352096667,0.430567333
160_271_15,3,11.66666667,114,9713.24,1676.666667,1170.333333,0.710595,129040,1068272,0.1230387,85616.33333,18.9087,10.25676667,125.1686667,15752.73333,7876666.667,578433.3333,28.33333333,1118.2,0.194,57.4992,0.172537367,0.286814,0.540649,0.139655333,0.377432667,0.482911667
160_271_16,4,18.33333333,245.6666667,25019.56667,2246.333333,1266.666667,0.569636333,297583.6667,1793333.333,0.169676333,253644.6667,20.9694,12.0742,164.7456667,36628.5,19966666.67,1510000,150.3333333,1952.646667,0.283666667,53.063,0.220669,0.304372667,0.474959,0.133840733,0.278458333,0.587700667
160_271_17,1.333333333,10.33333333,59.66666667,6767.95,1572.666667,811.6666667,0.502032667,120570.3333,684734.6667,0.219069,84025.33333,28.24273333,10.066,137.0453333,10762.30667,9926666.667,556042.3333,18.33333333,1268.332333,0.150666667,56.53683333,0.215266667,0.241979667,0.542753,0.146549333,0.368026333,0.485424667
160_271_19,2.333333333,12,94.33333333,11583.27667,2194,1100.333333,0.514843,172687.6667,1373333.333,0.126557667,113688.6667,21.54743333,11.1398,139.6613333,18814.8,11620000,776937.6667,35.66666667,3383.854667,0.224,56.66183333,0.183249,0.278310667,0.53844,0.1421,0.326411,0.531488667
160_271_20,4,20.33333333,246,20427.36667,1864.666667,1129.666667,0.624476333,219975.6667,1317207,0.167976,176519,17.38393333,10.25676667,141.801,29252.06667,13626666.67,1133848,141.6666667,711.7266667,0.233,54.26603333,0.215354,0.284098667,0.500547333,0.185613,0.332740333,0.481646667
160_271_22,1,4.333333333,31.33333333,2801.856667,1187.333333,369.6666667,0.310645333,94568.33333,271066.3333,0.416955,59078,57.86493333,62.60733333,149.3543333,4037.75,9736666.667,446050,3,NA,0.105666667,58.02496667,0.246252,0.162516667,0.591231333,0.044605933,0.120100133,0.835293667
160_271_24,1.5,15,199.5,13686.37,1876,619,0.325198,153424.5,724967,0.2211965,124881.5,22.37055,11,130.616,19226.885,10310000,798648.5,96.5,854.875,0.16,55.3643,0.2307495,0.224669,0.544581,0.168065,0.3296175,0.5023175
160_271_26,1,5,28,3209.116667,1184,424.3333333,0.357626,104926.6667,307826.3333,0.341875,79396,51.92116667,45.42246667,150.155,4560.97,11660000,516913.6667,3,NA,0.101666667,54.8155,0.252783,0.209149667,0.538067333,0.063366033,0.170170333,0.766463667
160_271_27,2.666666667,13.33333333,204,15755.43333,2160,1040.666667,0.47951,201004.3333,1375745,0.150366333,138123.6667,18.90036667,10.00862667,141.7806667,24043.03333,12890000,941358.6667,74,1918.08,0.225666667,56.22826667,0.195406667,0.268920333,0.535673,0.170569333,0.350864333,0.478566667
160_271_28,1,10.5,97,9060.375,1876,1158,0.6176705,171900,1170000,0.1471455,99633.5,31.743,14.8884,153.231,12413.405,16550000,883779.5,37,457.15035,0.2145,48.6763,0.2729935,0.3371375,0.389869,0.1446205,0.173604,0.6817755
160_271_29,2.333333333,10.33333333,102,9543.96,1532.666667,904,0.566096,159835.3333,810517.3333,0.209137,132641.6667,27.89976667,16.54016667,134.3643333,12967.94667,11523333.33,801746.6667,47,NA,0.177,55.7779,0.216251667,0.237054667,0.546694,0.0653939,0.172906567,0.761699667
160_271_30,1,7.5,42,4348.215,1071.5,571,0.530695,112562,324591,0.3690445,73101.5,47.17935,21.38885,176.7315,5568.305,15450000,650184.5,11.5,290.0835,0.105,54.4451,0.2271055,0.255213,0.5176815,0.0614356,0.1593208,0.7792435
160_271_32,1.5,7,53.5,4828.285,1405.5,825,0.5858585,104435.5,600131.5,0.1740555,67037.5,32.36415,15.426,132.83,7436.71,7755000,482626,5.5,3394.9105,0.1405,52.13385,0.254787,0.2830085,0.4622045,0.0763558,0.2141815,0.709463
160_271_33,2,10.66666667,158.3333333,10481.98333,2015.333333,692.3333333,0.353844333,131040.6667,711831.6667,0.203011,86543,23.16806667,10.29843667,142.3983333,15353.95333,10820000,693135,48.66666667,1636.769333,0.168,55.35346667,0.202961333,0.268647,0.528391667,0.181079667,0.319838667,0.499081667
160_271_37,1.666666667,11,129.3333333,10615.14333,2071.333333,859.3333333,0.404451,163595.3333,1083428.333,0.188647667,106816.6667,27.80413333,14.94426667,136.6726667,15182.79333,11580000,812068,45,1251.307667,0.199666667,53.42633333,0.236380333,0.268966333,0.494653667,0.101830967,0.238337,0.659832
160_271_39,3.666666667,18.33333333,182.6666667,20296.78333,1642.333333,1631,0.957264,325087,1680639.333,0.220720667,223260.3333,34.53663333,19.66443333,178.917,27877.44333,31833333.33,1795509.333,93,1091.754333,0.271333333,44.19476667,0.29497,0.418277,0.286753,0.077488367,0.226631333,0.695880333
160_271_41,3,11,68.66666667,11061.26667,2056,897.3333333,0.4376,192589.3333,1033709.667,0.185426667,140993.6667,27.75906667,12.71403333,183.3243333,17476.93333,18966666.67,955757,28,1982.203333,0.187,61.48433333,0.156825667,0.191913,0.651261,0.0653308,0.288635333,0.646034
160_271_44,4.666666667,18,268.6666667,28143.00667,2368.666667,855,0.369365333,311383.6667,1268550.333,0.237439,263329.6667,21.34853333,10.99186667,170.5263333,37231.93333,25233333.33,1783982.667,238,1066.756333,0.237,54.81753333,0.221486,0.263637667,0.514876,0.166381,0.310456,0.523163333
160_271_47,2.666666667,15.66666667,173,17757.46333,2074.333333,1187,0.578585667,289645,1491342.667,0.194901333,210437,29.24163333,15.07716667,194.2146667,23661.36667,30900000,1616666.667,92.66666667,1177.353333,0.244,50.22166667,0.28773,0.266672,0.445598,0.092442833,0.204043,0.703514667
160_271_48,1,6.666666667,42.66666667,4799.22,1381.333333,772,0.560044333,140461,580283.3333,0.260472667,71371,51.5352,24.26073333,187.3133333,6706.323333,19166666.67,748891.6667,2.666666667,NA,0.138333333,51.25106667,0.245788333,0.321384333,0.432827333,0.049623667,0.203218,0.747158
160_271_49,2.333333333,12.66666667,178,16029.55667,2054.333333,860.3333333,0.413756667,215336.3333,1045012.667,0.217424,163250,25.05373333,13.64636667,177.7633333,22714.2,19400000,1184004,76.66666667,2446.433333,0.205333333,52.8524,0.238128667,0.269104667,0.492767333,0.0973313,0.221843667,0.680825333
160_271_50,3.333333333,17.66666667,292.3333333,23195.43333,2182,1126.333333,0.53375,280665,1337226,0.218409,226106,21.4352,11.1398,180.2766667,31648.9,26033333.33,1613333.333,140,2066.263333,0.270333333,52.40923333,0.244875333,0.275012,0.480112333,0.164520333,0.298639333,0.536840333
160_271_52,1.5,9,63.5,6305.35,1350,601,0.445808,157705.5,499357.5,0.31917,83156.5,44.57795,19.63205,166.474,8407.49,20350000,876174.5,10.5,1012.25,0.146,52.7803,0.269451,0.2336965,0.4968525,0.05277795,0.158656,0.788566
160_271_56,2.333333333,16.33333333,227.3333333,23131.66667,2486,1244,0.502639333,321162,1846666.667,0.180913,252349.3333,24.11383333,12.90486667,192.4153333,32198.33333,32166666.67,1773333.333,133,2678.156,0.319666667,52.58323333,0.239487667,0.287852667,0.472659667,0.135226333,0.256892667,0.607880667
160_271_57,3,8,102,8914.61,1546,811,0.52458,173056,772372,0.224058,118303,34.4376,14.4222,181.604,11525.9,20800000,977762,39,642.462,0.162,49.7119,0.264713,0.339422,0.395865,0.075723,0.232243,0.692035
160_271_58,1.666666667,9.333333333,57.33333333,6062.476667,1284.666667,812.3333333,0.642749,85621.66667,569277,0.152400667,53050,21.92673333,9.946526667,114.4853333,10027.30333,5450000,397262,10,4268.213333,0.145,55.2931,0.218556,0.253563,0.527880667,0.1399661,0.383006333,0.477028
160_271_60,2.5,10.5,128,12260.965,1760.5,1192.5,0.661488,236188,1215982,0.2547355,155785.5,41.86625,25.2354,183.414,17253.53,23950000,1220000,42,835.97,0.247,51.4172,0.251344,0.2973875,0.451268,0.0872099,0.17243005,0.74036
160_271_61,3.666666667,13.33333333,206,19916.18,2280.666667,874,0.386312333,286786,1274228.333,0.218795333,166736.3333,26.74793333,12.5273,170.593,27532.1,25766666.67,1519943.333,115.3333333,1933.233333,0.243666667,55.84316667,0.215789,0.243370333,0.540840667,0.130786333,0.268622667,0.600591333
160_271_62,3.666666667,14.66666667,199.3333333,15943.87667,2102.666667,948.6666667,0.445461667,191162,1358032.333,0.148316633,136659,21.01203333,10.198,152.111,23690.2,14000000,987970.6667,73.33333333,2559.553333,0.238333333,55.70396667,0.215710333,0.243702333,0.540587333,0.152757,0.341805667,0.505437333
160_271_63,2.666666667,11.33333333,144,12702.63333,2038,835,0.406985333,185951.3333,977072.3333,0.200959333,124927.3333,25.323,12.3239,167.0253333,18775.5,18493333.33,1024578.333,39,3463.7,0.203666667,55.25706667,0.218008333,0.247176333,0.534815333,0.103972433,0.262933333,0.633094333
160_271_64,2.166666667,16.33333333,243.6666667,17588.3,2235,1332,0.617068667,256365.6667,1706666.667,0.150317,198020.3333,23.8492,13.2515,181.0046667,25024.43333,22366666.67,1333333.333,72.66666667,1072.365667,0.293666667,50.90043333,0.239593,0.331142667,0.429264333,0.128683333,0.249926,0.621391
160_271_65,1,5,63,4201.98,1154.5,488,0.405536,107884,353888.5,0.4447185,65574,56.2463,49.65195,161.6225,5470.6,14300000,605188,7,NA,0.1275,51.5211,0.2894925,0.2526135,0.4578945,0.08382545,0.17551845,0.7406555
160_271_67,6.333333333,23.33333333,436.6666667,39753.7,2438.666667,1057,0.4432,422905.6667,1636666.667,0.255596333,375615,18.44826667,11.2758,189.605,52271.56667,32400000,2426666.667,342.6666667,1163.486,0.321333333,51.6156,0.249321333,0.294708,0.455970667,0.16197,0.306009667,0.53202
160_271_69,3.666666667,12.66666667,172.3333333,18845.48333,1723,756.3333333,0.482348333,258127,880182.3333,0.315950333,188904,40.75856667,21.8031,182.5063333,23884.51667,24066666.67,1444332.667,165.6666667,2037.906333,0.199,50.41596667,0.307328,0.222791667,0.469880333,0.0905846,0.181605667,0.72781
160_271_72,2.333333333,8.333333333,64.33333333,8667.453333,1627,973.6666667,0.588258667,182739.3333,958448.6667,0.232884,126445,38.46076667,21.85143333,176.098,12553.01,19366666.67,964267,19,1432.398667,0.201,53.27076667,0.241873,0.267732667,0.490394333,0.051764933,0.186582,0.761653333
160_271_73,2.666666667,15.33333333,258,17939.48,1864,727,0.399113,204037.6667,908792.3333,0.234363,159816.3333,25.1175,10.98142333,173.802,23940.65667,19000000,1185739,134.3333333,639.051,0.203,52.6681,0.246081667,0.274707,0.479210667,0.196597333,0.286307333,0.517095333
160_271_74,2,12.66666667,119,13012.66333,1520,1090,0.704281333,253118.6667,972544.6667,0.311258,175253,45.96163333,31.59066667,203.137,16574.86333,34133333.33,1497795.333,57.33333333,923.134,0.223,43.41483333,0.397963,0.26286,0.339177,0.049004967,0.151686767,0.799308
160_271_75,6.666666667,26.66666667,349,41320.86667,2408.333333,1419.666667,0.594459,435357.3333,2120000,0.204784,348245.3333,19.5883,11.32093333,188.281,52120.23333,36766666.67,2613333.333,405.6666667,1099.549333,0.407666667,51.7905,0.24406,0.307767,0.448173,0.151039,0.312160333,0.536800667
160_271_115,2.666666667,16.33333333,273,18603.76667,2281.333333,614.6666667,0.282242667,230943,841652.3333,0.273101,184811.3333,19.5146,12.91003333,125.671,24725.66667,12596666.67,1148806.667,130,1507.716667,0.205666667,55.86806667,0.217047667,0.243310667,0.539641667,0.125481,0.271337667,0.603181333
160_271_116,3.333333333,11.33333333,171.3333333,13710.96333,1874.666667,630.3333333,0.332790333,169603,683986,0.284831333,128313,21.04983333,12.21473333,126.6453333,19033.06,11626666.67,903065,78,1191.503,0.186666667,53.59573333,0.244269333,0.250142,0.505588333,0.096218267,0.305677333,0.598104333
160_271_118,2.5,8.5,140,11052.36,1476,961.5,0.555918,169751,876301.5,0.3606445,130117.5,42.4719,46.05125,140.619,15296.605,11300000,848007,52,NA,0.2225,50.85685,0.265975,0.28959,0.4444345,0.10686255,0.1420971,0.7510405
160_271_119,1.666666667,16,228.6666667,21019.62,2126,679.3333333,0.333232667,227286.3333,984548.3333,0.287522667,186469.3333,32.5123,31.76203333,135.2343333,27995.94667,13166666.67,1187283,204.6666667,NA,0.234333333,52.05376667,0.248722667,0.285409333,0.465867667,0.132102467,0.266935667,0.600962
160_271_121,2,14,222,17555.85,2534,957,0.376382,219613.5,1425000,0.164545,130384,20.40035,10.38515,141.704,25010.95,16400000,1140000,105.5,784.374,0.2825,52.63185,0.2466965,0.275247,0.478057,0.1946895,0.308125,0.4971855
160_271_122,1,5.666666667,27.66666667,3090.596667,1174.666667,439,0.344114333,105528.3333,317666.3333,0.460711667,44267.66667,57.90403333,54.57873333,138.865,4046.693333,10896666.67,518051,6.666666667,NA,0.124666667,54.82183333,0.246437,0.258030333,0.495532333,0.051123167,0.0951312,0.853745667
160_271_125,4,20,307.3333333,26852.9,2185,1012.333333,0.471758,287336,1476666.667,0.201776667,234395.3333,18.6424,10.99186667,157.899,35583.43333,20233333.33,1593333.333,237.3333333,772.7253333,0.296666667,52.7113,0.245212667,0.264811,0.489976333,0.167969667,0.309896667,0.522133667
160_271_126,3.333333333,12.66666667,151,13060.12333,1313.333333,744.6666667,0.569873,152407,597703,0.304874333,112254,29.7965,25.05873333,139.582,16592.38,10990000,850160,121,NA,0.167666667,50.0023,0.292655333,0.271568667,0.435776,0.129420567,0.285026667,0.585553
160_271_127,2.666666667,20.66666667,276.3333333,22913.8,1807.333333,924.3333333,0.531978333,256270.6667,1009413.667,0.254949667,186734.6667,21.07,10.66666667,171.962,29766.23333,21866666.67,1510000,189.3333333,502.5113333,0.258666667,49.0343,0.279037333,0.316406333,0.404557,0.172649,0.309113,0.518237667
160_271_128,2,13.5,141,10803.86,1553,682,0.406709,129603,607850.5,0.299618,97508,24.0762,12.2801,138.5335,14815.21,9645000,706765,69,935.205,0.1985,52.7723,0.2508195,0.2577025,0.491478,0.14048265,0.275201,0.5843165
160_271_129,1,4.666666667,43,3840.556667,1448,459.3333333,0.322598,144081.6667,341226.6667,0.419959333,65664.66667,61.50873333,59.13883333,165.2706667,4661.76,19133333.33,762420,4.666666667,205.9546667,0.134666667,51.00236667,0.291489333,0.238537667,0.469973333,0.054193067,0.1254759,0.820330667
160_271_130,1.333333333,5,45,4074.96,1204.666667,437,0.365003,127808.3333,301137.3333,0.479787,85581,55.89933333,32.23686667,192.38,5115.47,18443333.33,713759.6667,5.333333333,1065.976667,0.130666667,49.9437,0.310018667,0.210405333,0.479575333,0.053200933,0.163117433,0.783681667
160_271_131,4.333333333,18.66666667,389.3333333,27363.63333,2448.666667,732.3333333,0.298705,267259.3333,1026831.667,0.262322667,213760,15.21463333,9.904856667,128.32,37220.96667,13093333.33,1356666.667,242,976.144,0.281,56.59426667,0.213764333,0.220925333,0.56531,0.194552333,0.327962333,0.477485667
160_271_132,1.666666667,8.333333333,61.33333333,4686.373333,1043,618,0.591742667,83082.66667,338253.6667,0.269064,57914,30.2176,16.50236667,129.966,6531.123333,6550000,423005.6667,16.33333333,859.3133333,0.133,52.65556667,0.252727667,0.269330333,0.477942667,0.118635467,0.184568333,0.696796333
160_271_134,1.333333333,12.66666667,109.6666667,9384.41,1625.333333,698,0.432181667,146996,598060.6667,0.256787667,97648,30.25866667,12.0415,153.308,12836.25333,16166666.67,842622,46,923.0306667,0.196666667,50.99973333,0.263383333,0.307629,0.428987333,0.1732242,0.263905,0.562871333
160_271_136,1.666666667,6.333333333,46.33333333,5319.51,1556.333333,664.6666667,0.428542333,91398.66667,649135.3333,0.183410233,60662,26.14236667,11.04742333,124.146,8711.41,6316666.667,406762.3333,10.66666667,1128.525333,0.167333333,59.74266667,0.157466333,0.240621333,0.601912667,0.130728567,0.351627333,0.517644
160_271_139,1.333333333,7.333333333,67.33333333,6185.55,1513,580,0.400217,109740.3333,523608.6667,0.228078,81822.33333,30.32243333,13.696,137.0463333,9346.99,9413333.333,550784.3333,15.33333333,1507.103333,0.157333333,57.40326667,0.1920776,0.236401,0.571521667,0.0764337,0.259390333,0.664175667
160_271_140,2.333333333,10.33333333,125,8919.88,1532.333333,777.6666667,0.514885667,139826.3333,672648,0.211733667,76233.66667,25.52246667,12.3975,134.6953333,12453.13333,11146666.67,726916,40.33333333,681.9116667,0.200666667,53.436,0.256261,0.233178,0.510561333,0.151390667,0.270404333,0.578204667
160_271_144,1.333333333,4.333333333,29.66666667,3384.456667,1251.333333,443.3333333,0.362551667,102790,328520.3333,0.318261333,67317.66667,49.66816667,48.197,147.243,4898.76,9593333.333,481077.6667,3.333333333,1366.596667,0.135,55.27996667,0.247033333,0.209232,0.543734667,0.070552967,0.1726418,0.756805333
160_271_145,4,15,177.6666667,18507.37333,1794.333333,1047.666667,0.572976667,230521,1162628.667,0.249119667,174355,28.31003333,14.4201,155.0606667,26105.3,16900000,1201363,120.3333333,1080.685667,0.255,51.7376,0.23319,0.329416,0.437394,0.121458133,0.267372667,0.611169333
160_271_146,1,4.5,39.5,3439.06,1039.5,370,0.355032,107388,252391.5,0.494113,63115.5,61.57815,48.32515,172.4545,3996.82,15900000,632004,6,973.6685,0.108,49.26835,0.3167205,0.222437,0.4608425,0.046608,0.143371,0.8100205
160_271_147,1.5,6,35,4380.465,1677.5,502,0.3067055,105794,491345.5,0.2596585,73212,35.5277,16.2808,135.7765,7111.88,8780000,472831,3,11418.5,0.138,64.81,0.13049,0.175982,0.6935285,0.0320394,0.1996606,0.7683
160_271_148,2.666666667,10.66666667,160,13330.18,2279.333333,769.3333333,0.352096,155233.3333,1059951,0.149193,131466.6667,21.07703333,10.84025667,142.4093333,19690.3,10043333.33,790990.6667,73.33333333,1630.116667,0.233333333,54.14393333,0.227447667,0.269249667,0.503302667,0.166257667,0.312657333,0.521085
160_271_149,1.333333333,4.333333333,58,4786.403333,1382.333333,433.3333333,0.355431,91769,325484.6667,0.381287333,61744.33333,42.0912,34.19626667,147.6346667,6893.45,8700000,464692.6667,18.33333333,NA,0.132,55.44596667,0.231171333,0.241316333,0.527512,0.090705833,0.185877433,0.723416667
160_271_150,1.333333333,5.333333333,40,3573.576667,1025,550,0.577017333,70077.33333,330345,0.23186,53888.33333,37.07703333,24.04592333,133.0243333,5305.996667,7553333.333,381253.6667,2.333333333,847.5833333,0.122666667,51.6336,0.284435,0.248141667,0.467423667,0.1187776,0.287851667,0.593370667
160_271_151,4.666666667,14.66666667,222,19073.93333,2373.333333,983.3333333,0.425345,191681.3333,1383333.333,0.139332367,170892.6667,15.09086667,10.32276667,137.313,29561.73333,8533333.333,912936,99.33333333,3145.323333,0.282666667,57.7208,0.176932,0.258668333,0.5644,0.198757333,0.301585333,0.499657333
160_271_152,2.5,14,185,11098.88,1485.5,853,0.588228,135480,721040,0.200664,98484.5,21.6578,10.303085,137.7425,15124.1,10195000,724705,68,653.813,0.173,51.70175,0.2371215,0.3251475,0.437731,0.2056,0.300194,0.494206
160_271_153,2.666666667,16.66666667,326,22691.53333,2544,962.3333333,0.380534667,203492.6667,1660000,0.122927,193118.6667,13.7062,9.64809,116.2873333,32878.66667,7990000,1003957,170.6666667,980.0656667,0.283,56.32836667,0.199168667,0.263023667,0.537807667,0.215645,0.343051667,0.441303333
160_271_154,2.333333333,7.666666667,82.33333333,7497.693333,1819,925.3333333,0.528149667,136794.3333,929993,0.147506667,80073.33333,27.14046667,13.4366,128.1086667,11663.78333,10243333.33,639575.3333,13,5585.628,0.208,56.7411,0.190746,0.261708333,0.547545667,0.111583833,0.235727333,0.652688333
160_271_155,2,8.333333333,99.66666667,6561.143333,1338,765.6666667,0.548008333,111283.3333,632248.3333,0.279820667,76338.33333,34.77536667,23.31232333,140.3373333,9275.346667,9606666.667,546906,34,NA,0.184666667,56.83416667,0.200218667,0.260587667,0.539193667,0.119344467,0.316646,0.564009333
160_271_156,1.333333333,6.666666667,57.33333333,5685.506667,1440,986,0.629447333,121502,769702.3333,0.248334,68634.66667,39.79936667,34.01983333,135.6416667,8650.25,9823333.333,567907.6667,8,NA,0.206,50.94236667,0.267227333,0.310753667,0.422018667,0.0767891,0.237504333,0.685707
160_271_157,1.5,8.5,77.5,6120.17,1164.5,799.5,0.6678015,121301,675510,0.2611965,73021,45.9783,41.44855,158.057,8351.02,13250000,651652.5,23.5,321.072,0.1475,47.7313,0.3149745,0.304779,0.3802465,0.10463335,0.241972,0.6533945
160_271_158,3.333333333,10,96,12318.66667,2038.666667,1156.333333,0.571751667,198594.3333,1261156.333,0.160553,174950,23.62423333,15.86413333,153.4273333,19675.4,11933333.33,915853,25.33333333,9659.486667,0.255333333,57.31493333,0.162442667,0.301543,0.536013667,0.072562,0.210972333,0.716465667
160_271_161,1.333333333,7,39.66666667,5371.15,1623.333333,768.3333333,0.496473333,119456,672166.6667,0.182752,76667,31.59276667,15.52006667,138.6406667,8648.223333,8743333.333,523083.3333,7.333333333,3168.11,0.164,59.74913333,0.158695333,0.238466667,0.602838,0.032451233,0.189058667,0.778490333
160_271_162,2.5,14.5,176.5,13272.18,1974,968.5,0.4951335,187523.5,1220000,0.154073,114163.5,27.39355,12.83095,165.425,17471.95,19850000,1130000,72,712.2325,0.242,51.21595,0.253364,0.2851095,0.4615265,0.1285481,0.2453105,0.6261415
160_271_163,1.333333333,4.333333333,24,2789.526667,1031.666667,532,0.514314667,69152.66667,337758.3333,0.279588667,49465.33333,41.4437,30.95833333,126.637,4058.43,6286666.667,350008.3333,2.333333333,NA,0.124666667,55.01876667,0.230517333,0.222586667,0.546896,0.040580733,0.166157,0.793262333
160_271_165,1,5,32,3366.89,969,719,0.742002,82340,243249,0.338501,54216,38.2173,20.5913,131.848,4728.44,6900000,402050,9,1969.78,0.128,45.8515,0.291495,0.430041,0.278464,0.0349794,0.203018,0.762003
160_271_166,4.333333333,19.33333333,320.6666667,25289.21333,1917.333333,734.3333333,0.374819,264440.6667,1025753.667,0.266644333,227607.6667,19.92863333,11.7746,144.278,31742.68,15210000,1453202.667,238,871.759,0.232333333,52.3724,0.257794667,0.268333333,0.473871667,0.164575333,0.280580667,0.554844333
160_271_169,5.333333333,16.33333333,234.6666667,19953.4,2105,1208.666667,0.597485333,231223.3333,1400000,0.172946,188498.6667,18.01503333,11.5497,138.6316667,30040.26667,11700000,1115872.333,101.6666667,1927.333333,0.319,54.89696667,0.189999667,0.325952667,0.484047667,0.1384403,0.311862333,0.549697333
160_271_172,2.666666667,8,112.6666667,9425.096667,1888.333333,770.3333333,0.389924,133538.6667,1004931.333,0.165282233,100099,20.87413333,10.53112333,127.7643333,14565.63333,9503333.333,655755.6667,28.66666667,630.5016667,0.220333333,60.36566667,0.166873667,0.196251,0.636875667,0.159298333,0.346499667,0.494202
160_271_173,1.666666667,13,168.3333333,13546.93333,2226.333333,1057.666667,0.483084333,161254,1243488,0.149151333,127394.6667,19.00956667,10.55396667,146.03,19792.3,11430000,823939.3333,74.66666667,2266.346333,0.263,53.44783333,0.227129333,0.283734,0.489136667,0.170641667,0.329688,0.499670333
160_271_174,3,12,200.6666667,14923.89333,2372,574.3333333,0.242168333,141571.3333,796690.6667,0.179645667,114857,14.18083333,10,106.3409667,22539.26667,5383333.333,680994,85.33333333,1313.519,0.203666667,57.6069,0.188964667,0.244755667,0.566279667,0.187825333,0.356508667,0.455666
160_271_175,1,3.5,23.5,2563.955,1113,310.5,0.279755,63824,166279.5,0.379878,44595.5,37.5915,17.57575,123.742,3799.065,5940000,311485.5,3.5,1047,0.106,57.6901,0.2203095,0.1909015,0.588789,0.04292775,0.309517,0.647555
160_271_176,1.333333333,8.333333333,107,8669.543333,1855,956.6666667,0.496956667,118884.6667,1087672.333,0.193577433,89443.33333,26.80443333,14.66666667,122.9726667,13815.55667,6776666.667,537214.6667,29,757.92,0.223333333,55.05913333,0.219361667,0.258569667,0.522069,0.113612533,0.238316333,0.648072
160_271_177,1.333333333,8.666666667,116.6666667,8561.22,1787.333333,952.6666667,0.589397333,124398.3333,994383.6667,0.133068333,102711,24.67193333,11.5497,152.2293333,13378.16667,10183333.33,613230.3333,21.66666667,492.6213333,0.205,55.9775,0.179476333,0.311386667,0.509137,0.123502733,0.292399667,0.584098
160_271_180,3.333333333,12.33333333,213.6666667,15183.7,2219.333333,1023.333333,0.601665333,162760.6667,1180000,0.1393502,144784.3333,17.77376667,10.16176,152.325,23138,9573333.333,796461.6667,76.33333333,1296.917333,0.250333333,55.78463333,0.213439,0.248347,0.538213667,0.194324333,0.329734667,0.475941
160_271_181,3.666666667,18.33333333,204.6666667,18766.76667,2030.666667,1132,0.602747333,229102,1316666.667,0.173333667,195317.3333,19.3907,11.83346667,151.4296667,27233.6,15813333.33,1191759.667,92.66666667,4118.734667,0.268333333,54.6135,0.209299,0.280978,0.509723,0.159690333,0.279759,0.560550667
160_271_183,2,14,162.6666667,11440.03333,1520.666667,939.3333333,0.651617,139895.6667,755288,0.183405667,101246.6667,20.50783333,10.72183333,153.0473333,16403.23333,11270000,756345,63,1033.738333,0.200666667,47.81643333,0.275052333,0.339228,0.38572,0.176621667,0.324387333,0.498991333
160_271_184,1,8.333333333,70,5852.476667,1339.333333,666,0.535834,119138.6667,505627,0.234391,76680.66667,33.46733333,14.2776,155.0959667,7990.623333,12950000,623727,25,899.0766667,0.156666667,53.14593333,0.262888667,0.255934333,0.481177333,0.098303033,0.243852333,0.657845
160_271_185,2,6,41,4053.3,1163,954,0.820292,103951,589171,0.176436,67222,40.8157,17.8885,158.644,6039.66,10500000,517214,2,263.5,0.172,47.8834,0.306411,0.316295,0.377295,0.0355832,0.209545,0.754872
160_271_187,3,12.66666667,120.6666667,11849.4,1626.333333,1178.333333,0.71117,158180.3333,1139114,0.155245,99494,21.9403,12.70163333,133.5133333,17654.06667,10116666.67,792745.3333,47.66666667,1964.151,0.234666667,51.58686667,0.243929333,0.319625333,0.436445333,0.133058467,0.269420333,0.597521
160_271_189,3.5,11,160.5,12451.76,1812,800,0.449495,180736,845083.5,0.218221,116742.5,26.9172,12.2801,141.4395,18711.345,13450000,876329.5,56,3963.055,0.1995,54.50945,0.2473505,0.219069,0.533581,0.1439868,0.270687,0.585326
160_271_193,4.333333333,18.33333333,351.3333333,23349.7,2225.333333,846,0.386191,229116.6667,1153691.667,0.201710667,185468.3333,16.44613333,10.04906,133.5603333,32068.1,12676666.67,1205400,193.3333333,782.978,0.256333333,58.00263333,0.195345667,0.223283667,0.581370333,0.194463,0.330138333,0.475398667
160_271_194,1.666666667,9,75,7437.41,1550.666667,773.3333333,0.490963,114606.6667,726277,0.167821,81234,26.4024,11.2058,135.2753333,11425.61,9026666.667,572868.3333,21.33333333,754.421,0.170666667,53.34803333,0.221280333,0.308932,0.469787667,0.1358674,0.322040667,0.542092
160_271_197,1.5,5.5,29.5,3465.96,1213,327.5,0.2716915,82576,258294,0.320363,42355,36.72715,13.38515,128.3995,5629.15,7160000,365734.5,4,154.357,0.111,63.50635,0.1251635,0.1866115,0.688225,0.05938165,0.3239685,0.6166495
160_271_198,5,16.33333333,334,23610.26667,2328,678,0.299156667,208789.3333,985768.6667,0.214042667,201907.6667,14.33483333,9.063493333,153.501,32568.1,10110000,1103333.333,213,758.909,0.249,55.45956667,0.211631,0.256189333,0.532179333,0.220360667,0.360936667,0.418702667
160_271_209,3.333333333,13.66666667,191.3333333,11095.97667,1531.666667,740.3333333,0.484001,154595,693168.6667,0.240034333,107944.6667,22.54283333,12.02183333,148.7676667,15489.13333,11433333.33,781744,50.33333333,1817.403333,0.180666667,56.09976667,0.211159667,0.240846,0.547994,0.121975,0.303956,0.574069333
160_271_210,1,7,49.5,4581.295,1505.5,576.5,0.3836575,123914,497282.5,0.249138,46940,41.0027,25.9322,132.91,6966.83,10850000,566916,6,3013.085,0.144,51.73325,0.275986,0.249012,0.4750015,0.0601193,0.257793,0.682087
160_271_215,1,5,32,2998.25,1101,357,0.324251,137512,295144,0.465915,54449,72.9327,89.822,171.266,3635.01,17400000,697035,1,74,0.122,49.6279,0.309098,0.208054,0.482849,0.0279642,0.105145,0.86689
160_271_217,1.333333333,10.66666667,157,9801.083333,1700.666667,724,0.409472333,176116,786965.6667,0.275504667,105762.6667,36.02483333,26.98986667,165.8296667,13681.16333,15233333.33,858679.3333,41.33333333,NA,0.197666667,55.23553333,0.228557667,0.222507667,0.548934667,0.104341133,0.266150333,0.629509
160_271_218,2.666666667,15,155.6666667,14793.95333,1854.666667,1322,0.676378,198559.6667,1547700.667,0.179438167,125038.3333,23.06396667,13.69606667,144.2256667,21128.53333,13030000,989233.6667,86,866.919,0.289333333,54.0443,0.219303,0.289644333,0.491052667,0.118366567,0.258768667,0.622864667
160_271_219,2,10.33333333,104.6666667,10155.26,905,667.6666667,0.490103667,131786.3333,536189,0.163066,94844,17.01873333,9.186166667,105.7793333,12706.5,11400000,760715.6667,79.66666667,285.907,0.129666667,32.82066667,0.192623,0.197126667,0.276917,0.088087333,0.159540333,0.419038667
160_271_221,1,6.666666667,40.66666667,4549.703333,1257,799.3333333,0.642913,104065.3333,462914,0.225784667,73912.66667,37.18526667,19.7289,133.7426667,6302.093333,9646666.667,534417.3333,11.66666667,716.1253333,0.139333333,48.45123333,0.275257667,0.322819667,0.401922667,0.044750467,0.147342667,0.807907
160_271_222,1.5,4.5,42.5,3022.535,780.5,654.5,0.7425195,67400.5,310885.25,0.393869,44229,41.5806,40.1734,114.4775,4259.49,5300000,330928.5,6,61.318,0.1185,46.61015,0.31456,0.310779,0.374661,0.08488605,0.1366821,0.778432
160_271_301,1.666666667,10.66666667,85.66666667,8582.283333,1202.666667,965.6666667,0.773141,161636.6667,694945,0.274919,88148,40.45393333,22.64413333,150.4976667,11337.41667,15260000,856252,41.33333333,427.6666667,0.176,45.99723333,0.345820333,0.290390333,0.363789333,0.0752846,0.191047,0.733668333
160_271_302,1.666666667,9.666666667,100.3333333,8468.88,2071,678.3333333,0.334689333,153197.3333,771120.3333,0.231224,82571.66667,33.69473333,13.2639,148.9616667,12719.08667,13553333.33,752359.3333,23.33333333,4191.663333,0.198666667,57.3229,0.206766667,0.228669333,0.564564333,0.123620233,0.294946,0.581433667
160_271_303,1.333333333,13.66666667,120.6666667,8821.02,1218.333333,913.3333333,0.840965333,142755.6667,600579.3333,0.23605,103156.6667,31.46236667,15.0517,155.634,11563.72333,14633333.33,813131.3333,40.66666667,1076.312,0.185333333,46.10726667,0.345108667,0.280535,0.374356333,0.139462933,0.251944333,0.608592667
160_271_304,1.666666667,6,42.66666667,5579.686667,1522,642,0.440303667,112285,570099,0.218377667,98737,35.468,15.69053333,146.4386667,8645.896667,10290000,554385,12.33333333,2637.5,0.157666667,58.93843333,0.167317333,0.242219,0.590463667,0.058390367,0.218474333,0.723135
160_271_306,3.333333333,16.66666667,168.3333333,13262.58667,1343.666667,876,0.687981,182081,686818.6667,0.266282333,137378.3333,26.29076667,12.754,177.9366667,16942.46667,19533333.33,1085003.667,86.66666667,710.6273333,0.193,49.29733333,0.301889333,0.261064333,0.437046667,0.137410667,0.274159333,0.58843
160_271_307,1.333333333,10,78.33333333,5946.493333,1326,471,0.448295,118872.6667,417555.3333,0.345929667,72566,37.58976667,17.9898,143.06,8472.046667,11733333.33,606067.3333,16.33333333,2360.164433,0.145333333,52.16013333,0.264944333,0.248055333,0.487000333,0.138752467,0.236683667,0.624564
160_271_308,2.666666667,10.66666667,84.33333333,10097.61333,1926,819.3333333,0.425027333,193791,992396,0.199822333,153691.3333,34.33213333,13.59706667,200.7563333,15024.66667,23766666.67,1062775.333,20.33333333,1301.366,0.208666667,58.3941,0.190943333,0.217014667,0.592042333,0.0732567,0.258744333,0.667999
160_271_309,2.666666667,10.66666667,126.3333333,12455.09333,1861,993.3333333,0.534633333,170619,1074794.333,0.157051,140362,22.23753333,12.9708,125.3731667,18469.28667,10026666.67,795372.6667,68.66666667,4542.260333,0.231333333,57.95226667,0.170077,0.259818,0.570105,0.119356,0.241120333,0.639523
160_271_310,2.333333333,10.33333333,88,6802.79,1349.666667,782.3333333,0.572178333,111737.3333,559202.6667,0.243971,70105.66667,30.51113333,22.34065667,141.9673333,9999.103333,10043333.33,573256.6667,24.33333333,1077.69,0.152666667,54.75053333,0.237273667,0.230992667,0.531733667,0.120768167,0.321748,0.557483667
160_271_312,1.5,7,45,4457.935,1312.5,501,0.4250805,101556.5,399202.5,0.255786,88009,43.5962,18,167.217,5852.43,13450000,608744.5,5.5,649.2165,0.123,51.9062,0.266611,0.270465,0.462924,0.0330458,0.179489,0.7874655
160_271_314,1,4.333333333,31,2922.596667,827.3333333,462,0.575002667,110205.3333,271127.1667,0.490937667,51227.66667,64.89873333,61.8405,152.303,3598.196667,13406666.67,574934.3333,1.666666667,NA,0.111,48.1324,0.290923667,0.301731,0.407345,0.032365233,0.077348367,0.890286333
160_271_318,1,4.333333333,29.33333333,2281.33,996.6666667,391.3333333,0.413028333,63473.33333,173477,0.372636667,31681.66667,44.06466667,35.02486667,122.9253333,3105.06,5700000,317247,1.666666667,240,0.114333333,55.9172,0.216853,0.258905,0.524242,0.050079533,0.182170667,0.76775
160_271_320,2.333333333,9.666666667,146,10128.41333,2007,490.6666667,0.243792333,95819.66667,648801.6667,0.149557667,76859,18.44883333,9.857256667,108.7196333,15365.56333,4836666.667,468389.3333,65.66666667,2297.435667,0.173666667,57.49846667,0.190902333,0.250477667,0.55862,0.202111333,0.329837,0.468051333
160_271_323,1,4,37.5,3679.885,1177,413,0.3535455,142278.5,297886.5,0.490733,66842.5,66.02175,72.43035,165.5375,4311.24,18100000,763347,3,55.4,0.1165,49.4437,0.2980515,0.2405145,0.4614335,0.0197566,0.11638,0.8638635
160_271_324,2,12.66666667,115.3333333,11592.45333,1870,928,0.498550333,212852.6667,963638.6667,0.218914667,159107.3333,31.33996667,16.3661,177.2703333,16163.4,21666666.67,1147900,40.33333333,1672.479333,0.224666667,57.11076667,0.161508333,0.299028,0.539463667,0.0692159,0.166472667,0.764311
160_271_326,3.333333333,15.33333333,248,18819.90667,2317.666667,986,0.411715667,197296,1518365.333,0.147074033,197296,16.80526667,10.59712333,163.3933333,27927.36667,11203333.33,985527,110.3333333,1154.936333,0.273666667,57.48903333,0.186343333,0.235707,0.577949333,0.174306333,0.306266333,0.519427
160_271_327,2.666666667,14.66666667,161.6666667,15762.25,2196,815.3333333,0.369968,225836.3333,1160639,0.207391333,168259.3333,24.29983333,13.4785,157.547,22715.2,17266666.67,1136666.667,85,2317.731667,0.225333333,52.97076667,0.240147667,0.263512667,0.496339333,0.128231333,0.258142,0.613626667
160_271_329,1,4.5,45,3475.045,1395.5,326.5,0.23391,119456.5,301230.5,0.423351,83733,54.18725,51.20715,166.703,4834.08,12850000,582678.5,1,NA,0.1125,54.3407,0.258041,0.214764,0.5271955,0.06269405,0.181739,0.755567
160_271_330,1.666666667,7,71,5865.936667,1513,555.6666667,0.367051667,149794,515508,0.330213333,93872.66667,45.4482,23.2076,161.643,8310.923333,16033333.33,741290.6667,11.33333333,645.3666667,0.150333333,57.58546667,0.203584333,0.247048333,0.549367667,0.065215367,0.160076333,0.774708333
160_271_331,1.5,5,39.5,3622.5,1274,484,0.375041,118901,437933.5,0.3333385,73263.5,51.52735,32.08615,162.2545,5224.47,13000000,564924,3,893.625,0.1215,55.49105,0.2374565,0.225515,0.5370285,0.0444466,0.1345435,0.8210095
160_271_332,3.666666667,16,321.6666667,17970.04333,1624.666667,980,0.626242,222625,987243.6667,0.229139667,199003.3333,21.75526667,12.9574,174.7883333,23814.76667,16066666.67,1181092,113,1342.651,0.224333333,52.3351,0.231900333,0.297656333,0.470443333,0.1309512,0.260886667,0.608162
160_271_341,1.333333333,7.333333333,61.33333333,6075.723333,1745.666667,767.6666667,0.422760333,139136.6667,816893.3333,0.243411,83781.33333,41.22033333,28.27153333,144.0116667,9032.88,13966666.67,675307.3333,10.66666667,789.521,0.183666667,56.05396667,0.223465,0.232325667,0.544209333,0.084206033,0.260947667,0.654846667
160_271_343,1,3.5,29.5,2844.17,1271.5,565,0.450739,80778.5,322884.5,0.25113,56125,44.43975,32.10495,119.608,4149.23,7210000,388769.5,1,1470,0.1255,54.67185,0.204956,0.290787,0.504257,0.0403568,0.253446,0.706197
160_271_345,2.333333333,8,49.66666667,7533.473333,1709,790,0.459459,140965.6667,779180,0.189400667,108940.6667,27.9601,14.8308,146.1566667,12164.46667,10433333.33,664112,10,6520.833333,0.182666667,62.09763333,0.128280667,0.23198,0.639739333,0.033404867,0.204577333,0.762018
160_271_346,1.666666667,8,104.3333333,6651.67,1513.666667,540.3333333,0.3435,130122.6667,545259,0.356710333,77538.33333,45.10733333,34.3138,148.4246667,9053.546667,11583333.33,646228.3333,23,NA,0.152333333,57.4014,0.219297,0.201117,0.579586333,0.079943033,0.224303333,0.695753333
160_271_348,1.333333333,11,144.3333333,9084.426667,1871.666667,836,0.446552667,171876,863089.3333,0.201371667,87864,30.20176667,16.00166667,131.7913333,12618.76667,13433333.33,848570,25.66666667,566.0296667,0.215,52.02876667,0.262582667,0.274473667,0.462944,0.108758733,0.194978,0.696263
160_271_350,1.333333333,7,43,5108.363333,1295.333333,825.3333333,0.674972667,116123.6667,597129.6667,0.206866,88998,40.48973333,15.08476667,172.3656667,7343.056667,14990000,648545.6667,6,574.5001,0.163,48.33083333,0.263889,0.360527,0.375583333,0.089491833,0.249757,0.660751333
160_271_351,1.333333333,10,120.3333333,8295.656667,1535.666667,681,0.442957667,143582.3333,590630,0.24464,97101.66667,28.35473333,15.47406667,144.4216667,10569.20333,12500000,776269,39.33333333,1066.381,0.172,51.3991,0.244029,0.311492667,0.444478667,0.106022333,0.218016,0.675961667
160_271_352,1,4.333333333,34.66666667,3121.856667,1332,346.6666667,0.266009,108805.6667,288432.3333,0.389343333,52842,54.83316667,58.18586667,152.4863333,4124.656667,11433333.33,539266,1.666666667,NA,0.121,54.9489,0.253122667,0.187773667,0.559104,0.073608133,0.171161,0.755231
160_271_357,3.333333333,14.66666667,127.6666667,15969.18333,1845.666667,1069.333333,0.594678,205402,1255992,0.159876,166145,24.07053333,11.5901,141.991,23541.32333,14666666.67,1084113.667,78,1664.29,0.249333333,52.4654,0.222706667,0.316873667,0.46042,0.133629933,0.321191333,0.545178667
160_271_358,4,12,127.3333333,15564.16667,2131.333333,1105.333333,0.536455333,253344.3333,1593333.333,0.159700333,204871.3333,25.02473333,13.64443333,187.1313333,23902.73333,21866666.67,1251815,48.33333333,5525.643333,0.262,58.9307,0.162440667,0.253087333,0.584471667,0.067787767,0.234444667,0.697767667
160_271_361,3.333333333,12.33333333,145,14457.76667,2375.333333,995,0.41716,200406.6667,1353333.333,0.155977333,168224,18.82806667,12.78003333,136.0713333,23280.63333,9733333.333,868199.6667,43,2281.26,0.257333333,62.87746667,0.147271333,0.188388333,0.664340333,0.127918067,0.264966667,0.607115
160_271_362,3,14,155,14627.8,2073.5,980,0.491671,189798,1215635,0.1623635,146898.5,19.5814,12.32455,137.34,22251.25,10800000,894218.5,64.5,4028.935,0.2655,53.2655,0.2348975,0.293398,0.4717045,0.1829475,0.2349345,0.5821175
160_271_366,1.666666667,21,224.3333333,18732.38667,1884.333333,1156.666667,0.654629,228276.6667,1274215,0.190262333,179445,25.0049,13.62336667,145.0926667,25693.81667,17000000,1221533.333,138.3333333,922.7893333,0.260333333,46.89253333,0.320286333,0.295608333,0.384105,0.146142233,0.301988333,0.551869333
160_271_368,1.333333333,7.333333333,58,5704.5,1601,880.3333333,0.545071,95325.66667,762712.6667,0.1455786,61570,26.23396667,11.33333333,119.2573333,8901.416667,6903333.333,458364.3333,10,632.4306667,0.181666667,55.3234,0.215648333,0.269301333,0.515050667,0.140363667,0.324245667,0.535390667
160_271_371,3.333333333,16.66666667,193.6666667,16798.23333,1917,1127.333333,0.616247333,181305.6667,1283333.333,0.139739667,133731,17.0648,10.20205667,124.0846667,24638.33333,9713333.333,914381,98.66666667,1686.013333,0.245666667,53.6748,0.233221333,0.283124333,0.483654333,0.193791,0.321979667,0.484229
160_271_372,3,13.33333333,163.3333333,12862.32667,1879.333333,733.3333333,0.389587,166524.6667,808473.6667,0.207650333,116478.6667,22.3736,10.66666667,144.914,18418.46667,12800000,860494.6667,72.33333333,3354.218,0.211,56.44626667,0.196598,0.257849333,0.545552667,0.150182333,0.334312667,0.515504667
160_271_374,1.666666667,9.666666667,115.3333333,7905.51,1540.333333,686.6666667,0.457792667,116471.6667,627241.6667,0.185215667,74156.33333,23.35166667,10.14807,124.8646667,11850.62,7990000,564062,26.33333333,1263.13,0.171333333,55.08206667,0.213166,0.280020667,0.506813333,0.178499667,0.328987667,0.492513
160_271_375,2,9,126.6666667,8844.46,1887.333333,712.6666667,0.433189333,126794.6667,728014,0.180435667,87220.66667,21.8657,10.66666667,135.069,13374.56667,9830000,622393.3333,31.33333333,2320.364,0.183666667,56.72903333,0.198248,0.259233667,0.542518,0.193407,0.304305333,0.502288
160_271_376,2,8,59,7563.816667,1676,522,0.331231667,129130.3333,606909,0.309488,98751.66667,38.20733333,30.36923333,146.3966667,11985.14,10006666.67,609175.6667,20,4673.99,0.171333333,62.19973333,0.173276,0.1580495,0.668674333,0.06663651,0.201543567,0.731819667
160_271_377,1.666666667,13.33333333,136.3333333,10983.75333,1923.333333,966,0.513854333,191755.6667,1020773,0.189964667,97849,27.0182,13.2515,155.133,15910.86667,16166666.67,923956,43.33333333,1439.919667,0.225333333,55.3085,0.192006667,0.313554,0.494439667,0.115248667,0.255652,0.629099333
160_271_379,3.833333333,23.66666667,397,32193.26667,2469,1004.666667,0.407800667,261248,1506666.667,0.172687,237969,13.05606667,8.830806667,123.1976667,44550.56667,10610000,1369495.333,328,805.092,0.299666667,52.03253333,0.248857667,0.288038,0.463103667,0.242242667,0.343721667,0.414035667
160_271_380,2,6,46.5,4597.785,1215,529.5,0.434362,96183,368614,0.2642165,67817.5,32.12035,20.1246,121.1685,7227.495,6050000,413882.5,9.5,742.69,0.117,60.42655,0.1876235,0.1875855,0.6247915,0.07122055,0.1708305,0.757949
160_271_382,1,4.666666667,32,2098.263333,816.3333333,360,0.413279,69383.66667,189720.6667,0.441892667,33157.33333,51.16026667,46.8824,117.475,2854.293333,6070000,325032.6667,0.333333333,NA,0.097666667,52.37016667,0.322583333,0.163266333,0.51415,0.0467167,0.0956301,0.857653333
160_271_384,1.333333333,6.666666667,58,4763.99,1554,474.3333333,0.307065333,79667.66667,460048,0.177648,74328.66667,26.10903333,13.40253333,128.2563333,7221.803333,5740000,396480.6667,9.333333333,3195.42,0.138,56.03096667,0.227770667,0.234466667,0.537762667,0.115832267,0.258267,0.625900667
160_271_385,2.333333333,13,178,12521.52333,2125.333333,891,0.412012667,175737,1195818.667,0.180657133,112501.6667,22.72306667,11.39556667,135.8906667,18244.66667,12133333.33,859966.6667,61.66666667,888.4686667,0.237333333,56.18173333,0.221232333,0.236684,0.542084333,0.1511951,0.319088333,0.529716333
160_271_386,2.666666667,11.33333333,90.66666667,11300.2,2250.666667,912.3333333,0.408117333,165885,1339488,0.1334282,132999,20.89173333,12.47213333,132.0163333,18079.76667,9296666.667,745746.6667,34,1061.504667,0.228333333,60.31183333,0.150699667,0.243745333,0.605555,0.0984192,0.295077,0.606504
160_271_387,2,7,55.33333333,4271.213333,957.3333333,540.6666667,0.54841,63977.66667,329034,0.207569,49468,24.22193333,12.40946667,113.6025667,6473.54,4376666.667,321482.6667,6,1191.333333,0.114666667,53.8989,0.226476333,0.285199,0.488324667,0.115333433,0.275987667,0.608679333
160_271_388,1,5,31,3110.733333,1038.666667,488.3333333,0.479496333,98564.66667,281031.6667,0.440521,44736.33333,52.7353,46.68173333,137.8086667,4455.453333,9650000,464468.6667,3,700.43,0.133333333,53.57293333,0.29669,0.202415333,0.500894667,0.044451767,0.132154067,0.823394333
160_271_390,1,5,45,3635.38,1243,332,0.267096,159150,296595,0.53659,81936,65.155,60.1663,143.694,4540.45,17100000,745111,2,413.5,0.121,54.9372,0.269368,0.192491,0.538141,0.0309893,0.0718117,0.897199
160_271_392,3,16.66666667,264.6666667,18732.33333,2300.666667,916,0.392305,192038.3333,1272280.667,0.15701,148719.6667,15.4364,9.96937,129.8206667,28399.53333,9560000,917277.6667,115.6666667,1297.56,0.268333333,55.71783333,0.196510667,0.277939333,0.52555,0.203709,0.314844667,0.481446333
160_271_394,2.666666667,14,161.3333333,13498.68,1558.333333,986.6666667,0.633377333,173638,922411.6667,0.195681333,130314.6667,21.14156667,11.3647,136.5343333,19248.4,11530000,888398.6667,74,780.7553333,0.194333333,50.0495,0.279206,0.294608,0.426186,0.132933733,0.319318,0.547748333
160_271_396,2.666666667,10.66666667,78.33333333,8681.906667,1537,630.3333333,0.425927333,145981.6667,553801,0.281121667,105896.6667,31.46136667,16.92763333,148.1573333,12225.88333,13133333.33,783380,31.33333333,1786.238667,0.157666667,54.08553333,0.246334,0.233218667,0.520447333,0.088157667,0.222715667,0.689126333
160_271_397,1,3,23.66666667,1618.603333,727,239.3333333,0.340740333,64840,120931.8333,0.561501667,34914.33333,58.75623333,68.724,117.3356667,2197.553333,5823333.333,292624,0.666666667,NA,0.087,54.3763,0.278920667,0.198804667,0.522274667,0.046207967,0.078799833,0.874992
160_271_400,3.333333333,13.33333333,186,15355.56667,2309.333333,833.3333333,0.383282333,207642,1266666.667,0.16662,147557.3333,23.2363,12.3975,166.555,22035.8,18000000,1113333.333,74,1107.733,0.236666667,56.39686667,0.201993667,0.245909333,0.552097,0.138427333,0.266892667,0.594679667
160_271_401,1.333333333,8.333333333,83.66666667,6568.936667,1600.666667,660.6666667,0.42585,143954,610143,0.243046667,81391,31.17666667,14.92413333,132.618,9769.473333,11163333.33,646864,15.66666667,1180.020667,0.149666667,57.64466667,0.196906,0.23968,0.563414,0.072989633,0.203141,0.723869333
160_271_403,1.333333333,4,34.66666667,2919.883333,1100,545.6666667,0.483127667,97758.66667,476801,0.3376864,78676,53.9186,55.94193333,145.9226667,4293.79,9293333.333,451826,1.333333333,NA,0.125,56.35293333,0.241971667,0.206531667,0.551497333,0.040255267,0.093027867,0.866716667
160_271_406,1,7,87,6012.53,1660,485,0.292169,133864,537914,0.248858,57222,36.8412,18.868,138.708,7832.41,12600000,709477,17,636.118,0.146,52.4113,0.24829,0.293215,0.458495,0.13459,0.224626,0.640784
160_271_408,1.666666667,7,57,5085.246667,1435.333333,631,0.438801,100279,597932.6667,0.219186,81896.66667,32.07506667,17.43606667,132.6926667,8080.186667,6840000,450243.3333,6.333333333,NA,0.151,58.6509,0.209586333,0.194976,0.595438,0.0826978,0.215153,0.702149333
160_271_409,1,8.666666667,60.66666667,5266.163333,1498.666667,582,0.381597,138334,519452.3333,0.289678,62898.33333,40.34056667,17.08266667,151.1806667,7561.31,13700000,648748.6667,14,606.8243333,0.152,56.33973333,0.209361667,0.245347,0.545291667,0.1030631,0.232424667,0.664511667
160_271_410,3.333333333,16,267.3333333,17386.87333,2010,724,0.377476333,214765,937373.3333,0.242691667,175171.3333,22.9111,12.25676667,154.244,22656.7,17200000,1212201,110,594.5243333,0.216666667,52.71616667,0.256224333,0.249417,0.494359,0.1303873,0.287993,0.581619667
160_271_411,2.666666667,10,74,8459.163333,1762.333333,758.6666667,0.437390333,132523.3333,907513.6667,0.147025,111288.6667,20.7598,12.74086667,112.5751667,14271.36667,6000000,547419.3333,18,3869.65,0.195333333,60.8175,0.147805333,0.240782333,0.611412667,0.0742732,0.274631333,0.651095333
160_271_413,2,7,54.33333333,5680.07,1357.666667,662.6666667,0.473097,144458.6667,606356,0.286225,76319,45.6202,42.6995,144.4576667,8375.866667,12633333.33,678443.3333,10.66666667,NA,0.157666667,55.84403333,0.214584,0.266018333,0.519398333,0.0455582,0.148960333,0.805481667
160_271_415,2,10.66666667,127,9867.98,2039.333333,1064.666667,0.569999,122921,1230000,0.099182,96414,18.64526667,12.9708,119.804,15869.4,5563333.333,550038.6667,25,576.628,0.227333333,57.27106667,0.171662333,0.287160333,0.541177,0.150099333,0.252664,0.597236667
